{
	"class_name" : "PinholeCameraParameters",
	"extrinsic" : 
	[
		0.90718706619309275,
		-0.052620375460800686,
		-0.41742391284919683,
		0.0,
		0.40509499597425924,
		-0.15869118200698029,
		0.90039721955914687,
		0.0,
		-0.11362073388508108,
		-0.98592505031548516,
		-0.12264633705016946,
		0.0,
		-5.697117727362099,
		4.2018129414065264,
		5.5255399880815563,
		1.0
	],
	"intrinsic" : 
	{
		"height" : 1080,
		"intrinsic_matrix" : 
		[
			935.30743608719399,
			0.0,
			0.0,
			0.0,
			935.30743608719399,
			0.0,
			959.5,
			539.5,
			1.0
		],
		"width" : 1920
	},
	"version_major" : 1,
	"version_minor" : 0
}